request_id,amount_safe_to_pay,affordability_status,recommended_payment_method,payment_plan,earliest_date_for_full_payment,spending_changes_needed,decision_explanation
request_26,15656000,affordable_now,full_payment,2025-08-03:15656000,2025-08-03,none,"Pay IDR 15,656,000 today. This leaves at least IDR 24,768,300 available over the next 90 days."
request_27,6670,affordable_now,full_payment,2026-07-05:6670,2026-07-05,none,"Pay ZAR 6,670 today. This leaves at least ZAR 20,500 available over the next 90 days."
request_28,325.68,not_affordable,not_recommended,none,2024-08-21,none,"Do not make this payment by 15 August 2024. The full EUR 1,302.40 is not safe until 21 August 2024, which is after the requested deadline."
request_29,51524,affordable_now,full_payment,2025-11-04:51524,2025-11-04,none,"Pay ZAR 51,524 today. This leaves at least ZAR 28,300 available over the next 90 days."
request_30,775.2,affordable_with_plan,installments,2026-04-06:268.74|2026-05-06:268.74|2026-06-05:268.74,2026-04-06,none,"Use 3 installments of USD 268.74, starting 6 April 2026. This leaves at least USD 900 available."
request_31,2185864.95,not_affordable,not_recommended,none,2024-11-16,none,"Do not make this payment by 15 November 2024. The full IDR 18,164,000 is not safe until 16 November 2024, which is after the requested deadline."
request_32,16327.54,affordable_later,wait,2025-03-16:40018,2025-03-16,none,"Wait until 16 March 2025, then pay ZAR 40,018 in full. Paying sooner would put the ZAR 35,700 minimum at risk."
request_33,38619.16,not_affordable,not_recommended,none,2026-03-16,none,"Do not make this payment by 15 March 2026. The full INR 118,000 is not safe until 16 March 2026, which is after the requested deadline."
request_34,129400,affordable_now,full_payment,2024-12-04:129400,2024-12-04,none,"Pay INR 129,400 today. This leaves at least INR 138,500 available over the next 90 days."
request_35,14099.31,not_affordable,not_recommended,none,,none,"Do not proceed with the INR 212,000 request. Although INR 14,099.31 is available today, the full amount cannot be completed safely within 90 days."
request_36,511.41,not_affordable,not_recommended,none,2026-09-16,none,"Do not make this payment by 15 September 2026. The full USD 3,954 is not safe until 16 September 2026, which is after the requested deadline."
request_37,0,not_affordable,not_recommended,none,,none,"Do not make this payment by 15 May 2024. None of the available options keeps the IDR 17,056,200 minimum protected."
request_38,120,not_affordable,not_recommended,none,,none,"Do not proceed with the EUR 971.30 request. Although EUR 120 is available today, the full amount cannot be completed safely within 90 days."
request_39,73396.18,affordable_later,wait,2026-05-16:208600,2026-05-16,none,"Wait until 16 May 2026, then pay INR 208,600 in full. Paying sooner would put the INR 213,400 minimum at risk."
request_40,402.43,not_affordable,not_recommended,none,,none,"Do not proceed with the EUR 1,290.30 request. Although EUR 402.43 is available today, the full amount cannot be completed safely within 90 days."
request_41,0,not_affordable,not_recommended,none,,none,"Do not make this payment by 15 January 2026. None of the available options keeps the IDR 25,366,600 minimum protected."
request_42,52100,affordable_now,full_payment,2026-01-05:52100,2026-01-05,none,"Pay INR 52,100 today. This leaves at least INR 113,100 available over the next 90 days."
request_43,8339950.18,not_affordable,not_recommended,none,2024-11-16,none,"Do not make this payment by 15 November 2024. The full IDR 43,339,000 is not safe until 16 November 2024, which is after the requested deadline."
request_44,33269.05,not_affordable,not_recommended,none,2025-04-16,none,"Do not make this payment by 15 April 2025. The full INR 95,800 is not safe until 16 April 2025, which is after the requested deadline."
request_45,4287724.63,not_affordable,not_recommended,none,2026-09-16,none,"Do not make this payment by 15 September 2026. The full IDR 21,983,000 is not safe until 16 September 2026, which is after the requested deadline."
request_46,0,not_affordable,not_recommended,none,,none,"Do not make this payment by 9 January 2025. None of the available options keeps the INR 84,000 minimum protected."
request_47,5840571.71,not_affordable,not_recommended,none,,none,"Do not proceed with the IDR 38,114,000 request. Although IDR 5,840,571.71 is available today, the full amount cannot be completed safely within 90 days."
request_48,45700,affordable_now,full_payment,2026-07-25:45700,2026-07-25,none,"Pay INR 45,700 today. This leaves at least INR 71,300 available over the next 90 days."
request_49,14042897.34,not_affordable,not_recommended,none,,none,"Do not proceed with the IDR 34,333,000 request. Although IDR 14,042,897.34 is available today, the full amount cannot be completed safely within 90 days."
request_50,43900,affordable_now,full_payment,2025-08-06:43900,2025-08-06,none,"Pay INR 43,900 today. This leaves at least INR 99,700 available over the next 90 days."
request_51,2191000,affordable_now,full_payment,2026-01-03:2191000,2026-01-03,none,"Pay IDR 2,191,000 today. This leaves at least IDR 7,811,000 available over the next 90 days."
request_52,18163.32,affordable_later,wait,2024-06-16:28870,2024-06-16,none,"Wait until 16 June 2024, then pay INR 28,870 in full. Paying sooner would put the INR 41,500 minimum at risk."
request_53,407.99,not_affordable,not_recommended,none,,none,"Do not proceed with the USD 1,699.20 request. Although USD 407.99 is available today, the full amount cannot be completed safely within 90 days."
request_54,4328.39,not_affordable,not_recommended,none,,none,"Do not proceed with the ZAR 121,528 request. Although ZAR 4,328.39 is available today, the full amount cannot be completed safely within 90 days."
request_55,111102.64,affordable_with_plan,installments,2026-06-11:75781.33|2026-07-12:75781.33|2026-08-12:75781.33,2026-07-16,none,"Use 3 installments of INR 75,781.33, starting 11 June 2026. This leaves at least INR 124,300 available."
request_56,437.54,affordable_with_plan,partial_payment,2025-02-03:437.54|2025-02-16:444.02,2025-02-16,none,"Pay USD 437.54 today and the remaining USD 444.02 on 16 February 2025. This completes the full request and keeps the USD 2,100 minimum protected."
request_57,3205.52,not_affordable,not_recommended,none,,none,"Do not proceed with the ZAR 61,446 request. Although ZAR 3,205.52 is available today, the full amount cannot be completed safely within 90 days."
request_58,0,not_affordable,not_recommended,none,,none,"Do not make this payment by 25 January 2025. None of the available options keeps the IDR 14,433,900 minimum protected."
request_59,140600,affordable_with_plan,installments,2025-05-07:48741.33|2025-06-04:48741.33|2025-07-02:48741.33,2025-05-04,none,"Use 3 installments of INR 48,741.33, starting 7 May 2025. This leaves at least INR 132,600 available."
request_60,108.54,affordable_later,wait,2026-01-16:199.89,2026-01-16,none,"Wait until 16 January 2026, then pay USD 199.89 in full. Paying sooner would put the USD 400 minimum at risk."
request_61,29062,affordable_with_plan,installments,2024-03-17:10074.83|2024-04-17:10074.83|2024-05-18:10074.83,2024-03-03,none,"Use 3 installments of ZAR 10,074.83, starting 17 March 2024. This leaves at least ZAR 36,700 available."
request_62,404.23,affordable_now,full_payment,2025-08-05:404.23,2025-08-05,none,"Pay USD 404.23 today. This leaves at least USD 1,300 available over the next 90 days."
request_63,33386.34,not_affordable,not_recommended,none,,none,"Do not proceed with the INR 343,900 request. Although INR 33,386.34 is available today, the full amount cannot be completed safely within 90 days."
request_64,0,not_affordable,not_recommended,none,,none,"Do not make this payment by 16 August 2024. None of the available options keeps the INR 36,100 minimum protected."
request_65,0,not_affordable,not_recommended,none,,none,"Do not make this payment by 25 November 2025. None of the available options keeps the ZAR 15,500 minimum protected."
request_66,22200,affordable_now,full_payment,2026-04-03:22200,2026-04-03,none,"Pay INR 22,200 today. This leaves at least INR 80,700 available over the next 90 days."
request_67,239.85,not_affordable,not_recommended,none,2024-11-16,none,"Do not make this payment by 15 November 2024. The full USD 2,094 is not safe until 16 November 2024, which is after the requested deadline."
request_68,0,not_affordable,not_recommended,none,,none,"Do not make this payment by 16 April 2025. None of the available options keeps the USD 1,500 minimum protected."
request_69,529.1,affordable_now,full_payment,2026-01-04:529.1,2026-01-04,none,Pay EUR 529.10 today. This leaves at least EUR 700 available over the next 90 days.
request_70,44906.72,not_affordable,not_recommended,none,2025-02-16,none,"Do not make this payment by 15 February 2025. The full INR 243,900 is not safe until 16 February 2025, which is after the requested deadline."
request_71,0,not_affordable,not_recommended,none,,none,"Do not make this payment by 28 May 2025. None of the available options keeps the IDR 8,884,800 minimum protected."
request_72,11330,affordable_now,full_payment,2026-07-05:11330,2026-07-05,none,"Pay ZAR 11,330 today. This leaves at least ZAR 12,200 available over the next 90 days."
request_73,71400,affordable_now,full_payment,2023-01-20:71400,2023-01-20,none,"Pay INR 71,400 today. This leaves at least INR 103,200 available over the next 90 days."
request_74,5010,affordable_now,full_payment,2025-08-04:5010,2025-08-04,none,"Pay ZAR 5,010 today. This leaves at least ZAR 21,900 available over the next 90 days."
request_75,28270,affordable_with_plan,installments,2026-04-09:9800.27|2026-05-09:9800.27|2026-06-08:9800.27,2026-04-06,none,"Use 3 installments of ZAR 9,800.27, starting 9 April 2026. This leaves at least ZAR 39,000 available."
request_76,126.93,not_affordable,not_recommended,none,,none,"Do not proceed with the USD 4,455.60 request. Although USD 126.93 is available today, the full amount cannot be completed safely within 90 days."
request_77,52568.02,not_affordable,not_recommended,none,2026-01-16,none,"Do not make this payment by 14 November 2025. The full INR 60,700 is not safe until 16 January 2026, which is after the requested deadline."
request_78,0,not_affordable,not_recommended,none,,none,"Do not make this payment by 14 October 2025. None of the available options keeps the INR 55,200 minimum protected."
request_79,406.86,not_affordable,not_recommended,none,,none,"Do not proceed with the EUR 2,151.60 request. Although EUR 406.86 is available today, the full amount cannot be completed safely within 90 days."
request_80,92310.58,not_affordable,not_recommended,none,,none,"Do not proceed with the INR 217,500 request. Although INR 92,310.58 is available today, the full amount cannot be completed safely within 90 days."
request_81,2076,affordable_now,full_payment,2026-07-03:2076,2026-07-03,none,"Pay USD 2,076 today. This leaves at least USD 1,600 available over the next 90 days."
request_82,0,not_affordable,not_recommended,none,,none,"Do not make this payment by 15 February 2025. None of the available options keeps the USD 1,100 minimum protected."
request_83,3929.48,not_affordable,not_recommended,none,,none,"Do not proceed with the INR 156,200 request. Although INR 3,929.48 is available today, the full amount cannot be completed safely within 90 days."
request_84,21816.66,not_affordable,not_recommended,none,,none,"Do not proceed with the INR 95,400 request. Although INR 21,816.66 is available today, the full amount cannot be completed safely within 90 days."
request_85,431796.52,not_affordable,not_recommended,none,,none,"Do not proceed with the IDR 19,304,000 request. Although IDR 431,796.52 is available today, the full amount cannot be completed safely within 90 days."
request_86,46300,affordable_now,full_payment,2025-08-03:46300,2025-08-03,none,"Pay INR 46,300 today. This leaves at least INR 84,900 available over the next 90 days."
request_87,0,not_affordable,not_recommended,none,,none,"Do not make this payment by 15 March 2026. None of the available options keeps the INR 185,900 minimum protected."
request_88,10750.92,affordable_with_plan,installments,2024-06-14:9045.23|2024-07-15:9045.23|2024-08-15:9045.23,2024-06-16,none,"Use 3 installments of ZAR 9,045.23, starting 14 June 2024. This leaves at least ZAR 25,800 available."
request_89,7072506.38,not_affordable,not_recommended,none,,none,"Do not proceed with the IDR 13,756,000 request. Although IDR 7,072,506.38 is available today, the full amount cannot be completed safely within 90 days."
request_90,2560,affordable_now,full_payment,2026-07-06:2560,2026-07-06,none,"Pay ZAR 2,560 today. This leaves at least ZAR 7,600 available over the next 90 days."
request_91,299.54,not_affordable,not_recommended,none,2024-11-16,none,"Do not make this payment by 15 November 2024. The full EUR 1,927.20 is not safe until 16 November 2024, which is after the requested deadline."
request_92,34034,affordable_now,full_payment,2025-02-05:34034,2025-02-05,none,"Pay ZAR 34,034 today. This leaves at least ZAR 28,100 available over the next 90 days."
request_93,1729.2,affordable_now,full_payment,2026-04-07:1729.2,2026-04-07,none,"Pay USD 1,729.20 today. This leaves at least USD 1,900 available over the next 90 days."
request_94,572,affordable_now,full_payment,2024-12-04:572,2024-12-04,none,Pay EUR 572 today. This leaves at least EUR 600 available over the next 90 days.
request_95,28196.51,not_affordable,not_recommended,none,,none,"Do not proceed with the INR 553,000 request. Although INR 28,196.51 is available today, the full amount cannot be completed safely within 90 days."
request_96,70244.1,affordable_with_plan,installments,2026-01-10:31269.33|2026-02-09:31269.33|2026-03-11:31269.33,2026-02-16,none,"Use 3 installments of INR 31,269.33, starting 10 January 2026. This leaves at least INR 56,500 available."
request_97,2910.52,affordable_with_plan,installments,2024-03-19:8145.28|2024-04-19:8145.28|2024-05-20:8145.28,2024-04-16,none,"Use 3 installments of ZAR 8,145.28, starting 19 March 2024. This leaves at least ZAR 29,700 available."
request_98,0,not_affordable,not_recommended,none,,none,"Do not make this payment by 15 October 2025. None of the available options keeps the ZAR 30,000 minimum protected."
request_99,18062,affordable_now,full_payment,2026-07-04:18062,2026-07-04,none,"Pay ZAR 18,062 today. This leaves at least ZAR 49,100 available over the next 90 days."
request_100,0,not_affordable,not_recommended,none,,none,"Do not make this payment by 16 August 2024. None of the available options keeps the ZAR 32,500 minimum protected."
request_101,54924.46,not_affordable,not_recommended,none,2026-01-28,none,"Do not make this payment by 14 November 2025. The full INR 143,500 is not safe until 28 January 2026, which is after the requested deadline."
request_102,1716,affordable_with_plan,installments,2026-04-05:594.88|2026-05-05:594.88|2026-06-04:594.88,2026-04-05,none,"Use 3 installments of EUR 594.88, starting 5 April 2026. This leaves at least EUR 900 available."
request_103,0,not_affordable,not_recommended,none,,none,"Do not make this payment by 7 October 2024. None of the available options keeps the INR 125,500 minimum protected."
request_104,17204,affordable_now,full_payment,2025-02-04:17204,2025-02-04,none,"Pay ZAR 17,204 today. This leaves at least ZAR 24,700 available over the next 90 days."
request_105,11075.18,not_affordable,not_recommended,none,,none,"Do not proceed with the INR 53,500 request. Although INR 11,075.18 is available today, the full amount cannot be completed safely within 90 days."
request_106,369.76,not_affordable,not_recommended,none,2025-02-16,none,"Do not make this payment by 15 February 2025. The full EUR 2,207.70 is not safe until 16 February 2025, which is after the requested deadline."
request_107,1784.23,not_affordable,not_recommended,none,2025-07-16,none,"Do not make this payment by 4 July 2025. The full EUR 2,534.40 is not safe until 16 July 2025, which is after the requested deadline."
request_108,3232.7,not_affordable,not_recommended,none,2026-09-25,none,"Do not make this payment by 26 July 2026. The full ZAR 55,308 is not safe until 25 September 2026, which is after the requested deadline."
request_109,542.68,affordable_with_plan,installments,2024-03-18:645.98|2024-04-18:645.98|2024-05-19:645.98,2024-05-16,none,"Use 3 installments of EUR 645.98, starting 18 March 2024. This leaves at least EUR 1,700 available."
request_110,22352,affordable_with_plan,installments,2025-08-06:7748.69|2025-09-03:7748.69|2025-10-01:7748.69,2025-08-06,none,"Use 3 installments of ZAR 7,748.69, starting 6 August 2025. This leaves at least ZAR 11,200 available."
request_111,16625000,affordable_now,full_payment,2026-04-03:16625000,2026-04-03,none,"Pay IDR 16,625,000 today. This leaves at least IDR 23,022,800 available over the next 90 days."
request_112,271.7,affordable_now,full_payment,2024-06-05:271.7,2024-06-05,none,Pay EUR 271.70 today. This leaves at least EUR 500 available over the next 90 days.
request_113,0,not_affordable,not_recommended,none,,none,"Do not make this payment by 19 October 2026. None of the available options keeps the INR 82,300 minimum protected."
request_114,59168.19,not_affordable,not_recommended,none,2026-01-16,none,"Do not make this payment by 14 January 2026. The full INR 65,300 is not safe until 16 January 2026, which is after the requested deadline."
request_115,11979.92,not_affordable,not_recommended,none,,none,"Do not proceed with the INR 80,500 request. Although INR 11,979.92 is available today, the full amount cannot be completed safely within 90 days."
request_116,4462.1,not_affordable,not_recommended,none,,none,"Do not proceed with the INR 241,200 request. Although INR 4,462.10 is available today, the full amount cannot be completed safely within 90 days."
request_117,850.19,not_affordable,not_recommended,none,2026-07-16,none,"Do not make this payment by 14 July 2026. The full EUR 880 is not safe until 16 July 2026, which is after the requested deadline."
request_118,304.75,not_affordable,not_recommended,none,,none,"Do not proceed with the EUR 738.10 request. Although EUR 304.75 is available today, the full amount cannot be completed safely within 90 days."
request_119,60588.6,not_affordable,not_recommended,none,2025-07-16,none,"The full INR 203,500 is safe to pay by 16 July 2025, but none of the available payment methods you consider keeps your INR 151,200 minimum balance protected throughout the period."
request_120,7714000,affordable_now,full_payment,2026-04-06:7714000,2026-04-06,none,"Pay IDR 7,714,000 today. This leaves at least IDR 20,050,300 available over the next 90 days."
request_121,553.48,not_affordable,not_recommended,none,2024-04-16,none,"Do not make this payment by 14 March 2024. The full USD 633.60 is not safe until 16 April 2024, which is after the requested deadline."
request_122,20558000,affordable_with_plan,installments,2025-08-05:7126773.33|2025-09-02:7126773.33|2025-09-30:7126773.33,2025-08-05,none,"Use 3 installments of IDR 7,126,773.33, starting 5 August 2025. This leaves at least IDR 12,588,500 available."
request_123,4076000,affordable_now,full_payment,2026-01-07:4076000,2026-01-07,none,"Pay IDR 4,076,000 today. This leaves at least IDR 18,091,200 available over the next 90 days."
request_124,1480.83,affordable_with_plan,installments,2024-06-11:1076.12|2024-07-12:1076.12|2024-08-12:1076.12,2024-07-16,none,"Use 3 installments of EUR 1,076.12, starting 11 June 2024. This leaves at least EUR 1,600 available."
request_125,0,not_affordable,not_recommended,none,,none,"Do not make this payment by 14 November 2025. None of the available options keeps the ZAR 11,300 minimum protected."
request_126,73925.51,not_affordable,not_recommended,none,,none,"Do not proceed with the INR 159,600 request. Although INR 73,925.51 is available today, the full amount cannot be completed safely within 90 days."
request_127,7803.07,not_affordable,not_recommended,none,2024-11-16,none,"Do not make this payment by 18 October 2024. The full ZAR 23,980 is not safe until 16 November 2024, which is after the requested deadline."
request_128,8870.91,not_affordable,not_recommended,none,,none,"Do not proceed with the ZAR 25,168 request. Although ZAR 8,870.91 is available today, the full amount cannot be completed safely within 90 days."
request_129,0,not_affordable,not_recommended,none,,none,Do not make this payment by 18 June 2026. None of the available options keeps the USD 800 minimum protected.
request_130,60.17,not_affordable,not_recommended,none,,none,"Do not proceed with the USD 1,978.80 request. Although USD 60.17 is available today, the full amount cannot be completed safely within 90 days."
request_131,1013.53,not_affordable,not_recommended,none,2025-07-24,none,"Do not make this payment by 8 July 2025. The full USD 1,855.20 is not safe until 24 July 2025, which is after the requested deadline."
request_132,289.3,affordable_later,wait,2026-01-16:379.86,2026-01-16,none,"Wait until 16 January 2026, then pay USD 379.86 in full. Paying sooner would put the USD 1,100 minimum at risk."
request_133,15770000,not_affordable,not_recommended,none,2024-03-07,none,"The full IDR 15,770,000 is safe to pay by 7 March 2024, but no payment method you and the merchant both accept is available for this request."
request_134,7210010.38,affordable_later,wait,2025-09-16:21831000,2025-09-16,none,"Wait until 16 September 2025, then pay IDR 21,831,000 in full. Paying sooner would put the IDR 15,902,500 minimum at risk."
request_135,245.76,not_affordable,not_recommended,none,2026-07-16,none,"Do not make this payment by 14 July 2026. The full USD 304.80 is not safe until 16 July 2026, which is after the requested deadline."
request_136,440.15,not_affordable,not_recommended,none,2024-06-16,none,"Do not make this payment by 14 June 2024. The full USD 560.40 is not safe until 16 June 2024, which is after the requested deadline."
request_137,20288.3,not_affordable,not_recommended,none,2026-01-16,none,"Do not make this payment by 15 January 2026. The full INR 80,100 is not safe until 16 January 2026, which is after the requested deadline."
request_138,460.14,affordable_with_plan,partial_payment,2026-04-07:460.14|2026-05-16:796.8,2026-05-16,none,"Pay EUR 460.14 today and the remaining EUR 796.80 on 16 May 2026. This completes the full request and keeps the EUR 2,300 minimum protected."
request_139,1065.08,not_affordable,not_recommended,none,,none,"Do not proceed with the USD 2,316 request. Although USD 1,065.08 is available today, the full amount cannot be completed safely within 90 days."
request_140,119.57,not_affordable,not_recommended,none,,none,"Do not proceed with the ZAR 62,832 request. Although ZAR 119.57 is available today, the full amount cannot be completed safely within 90 days."
request_141,18517.99,not_affordable,not_recommended,none,,none,"Do not proceed with the INR 171,600 request. Although INR 18,517.99 is available today, the full amount cannot be completed safely within 90 days."
request_142,1263.6,affordable_now,full_payment,2024-12-05:1263.6,2024-12-05,none,"Pay USD 1,263.60 today. This leaves at least USD 1,700 available over the next 90 days."
request_143,0,not_affordable,not_recommended,none,,none,"Do not make this payment by 15 July 2025. None of the available options keeps the ZAR 11,300 minimum protected."
request_144,0,not_affordable,not_recommended,none,,none,Do not make this payment by 26 July 2026. None of the available options keeps the USD 600 minimum protected.
request_145,13138.61,not_affordable,not_recommended,none,2024-05-21,none,"The full INR 217,400 is safe to pay by 21 May 2024, but none of the available payment methods you consider keeps your INR 155,400 minimum balance protected throughout the period."
request_146,0,not_affordable,not_recommended,none,,none,"Do not make this payment by 17 October 2025. None of the available options keeps the INR 108,600 minimum protected."
request_147,287.21,not_affordable,not_recommended,none,,none,"Do not proceed with the EUR 1,129.70 request. Although EUR 287.21 is available today, the full amount cannot be completed safely within 90 days."
request_148,6666.6,not_affordable,not_recommended,none,2024-08-16,none,"The full ZAR 22,242 is safe to pay by 16 August 2024, but none of the available payment methods you consider keeps your ZAR 20,000 minimum balance protected throughout the period."
request_149,21676.81,affordable_with_plan,installments,2025-11-18:12706.03|2025-12-16:12706.03|2026-01-13:12706.03,2026-01-16,reduce_to:recurring:event_13703:1:1013.76|reduce_to:recurring:event_13703:2:1013.76,"Use 3 installments of ZAR 12,706.03, starting 18 November 2025. This leaves at least ZAR 42,100 available."
request_150,219.25,not_affordable,not_recommended,none,,none,"Do not proceed with the EUR 496.10 request. Although EUR 219.25 is available today, the full amount cannot be completed safely within 90 days."
request_151,26999000,affordable_now,full_payment,2024-09-03:26999000,2024-09-03,none,"Pay IDR 26,999,000 today. This leaves at least IDR 31,633,600 available over the next 90 days."
request_152,11898.85,affordable_with_plan,installments,2025-02-12:4812.43|2025-03-12:4812.43|2025-04-09:4812.43,2025-02-16,none,"Use 3 installments of ZAR 4,812.43, starting 12 February 2025. This leaves at least ZAR 11,900 available."
request_153,262.24,not_affordable,not_recommended,none,,none,"Do not proceed with the USD 2,830.80 request. Although USD 262.24 is available today, the full amount cannot be completed safely within 90 days."
request_154,1625.8,affordable_with_plan,installments,2024-12-04:563.61|2025-01-04:563.61|2025-02-04:563.61,2024-12-04,none,"Use 3 installments of EUR 563.61, starting 4 December 2024. This leaves at least EUR 1,300 available."
request_155,112500,affordable_now,full_payment,2025-05-06:112500,2025-05-06,none,"Pay INR 112,500 today. This leaves at least INR 56,300 available over the next 90 days."
request_156,4269.94,not_affordable,not_recommended,none,2026-06-16,none,"Do not make this payment by 15 June 2026. The full ZAR 43,076 is not safe until 16 June 2026, which is after the requested deadline."
request_157,6341902.09,not_affordable,not_recommended,none,2024-05-16,none,"Do not make this payment by 15 May 2024. The full IDR 23,503,000 is not safe until 16 May 2024, which is after the requested deadline."
request_158,242600,affordable_with_plan,installments,2025-08-07:84101.33|2025-09-04:84101.33|2025-10-02:84101.33,2025-08-07,none,"Use 3 installments of INR 84,101.33, starting 7 August 2025. This leaves at least INR 131,400 available."
request_159,2039.09,not_affordable,not_recommended,none,,none,"Do not proceed with the ZAR 13,398 request. Although ZAR 2,039.09 is available today, the full amount cannot be completed safely within 90 days."
request_160,475.59,affordable_with_plan,installments,2024-06-13:432.05|2024-07-14:432.05|2024-08-14:432.05,2024-07-16,none,"Use 3 installments of EUR 432.05, starting 13 June 2024. This leaves at least EUR 1,200 available."
request_161,1953835.16,not_affordable,not_recommended,none,2026-01-16,none,"Do not make this payment by 15 January 2026. The full IDR 21,204,000 is not safe until 16 January 2026, which is after the requested deadline."
request_162,0,not_affordable,not_recommended,none,,none,"Do not make this payment by 26 August 2026. None of the available options keeps the IDR 24,161,100 minimum protected."
request_163,0,not_affordable,not_recommended,none,,none,"Do not make this payment by 15 November 2024. None of the available options keeps the IDR 26,728,700 minimum protected."
request_164,21724025.69,affordable_with_plan,installments,2025-02-11:9366240|2025-03-11:9366240|2025-04-08:9366240,2025-02-25,none,"Use 3 installments of IDR 9,366,240, starting 11 February 2025. This leaves at least IDR 29,550,500 available."
request_165,80600,affordable_now,full_payment,2026-04-06:80600,2026-04-06,none,"Pay INR 80,600 today. This leaves at least INR 95,000 available over the next 90 days."
request_166,2907.6,affordable_with_plan,installments,2024-12-03:1007.97|2025-01-03:1007.97|2025-02-03:1007.97,2024-12-03,none,"Use 3 installments of USD 1,007.97, starting 3 December 2024. This leaves at least USD 1,700 available."
request_167,5354.89,not_affordable,not_recommended,none,2025-07-24,none,"Do not make this payment by 31 May 2025. The full ZAR 43,802 is not safe until 24 July 2025, which is after the requested deadline."
request_168,42462.3,affordable_with_plan,partial_payment,2026-01-07:42462.3|2026-01-16:6917.7,2026-01-16,none,"Pay INR 42,462.30 today and the remaining INR 6,917.70 on 16 January 2026. This completes the full request and keeps the INR 114,400 minimum protected."
request_169,41976,affordable_now,full_payment,2024-03-04:41976,2024-03-04,none,"Pay ZAR 41,976 today. This leaves at least ZAR 18,700 available over the next 90 days."
request_170,32330202.79,affordable_with_plan,installments,2025-08-06:12804480|2025-09-03:12804480|2025-10-01:12804480,2025-08-16,none,"Use 3 installments of IDR 12,804,480, starting 6 August 2025. This leaves at least IDR 24,715,800 available."
request_171,0,not_affordable,not_recommended,none,,none,Do not make this payment by 10 September 2026. None of the available options keeps the EUR 500 minimum protected.
request_172,9070.05,affordable_with_plan,partial_payment,2024-06-05:9070.05|2024-06-16:1129.95,2024-06-16,none,"Pay ZAR 9,070.05 today and the remaining ZAR 1,129.95 on 16 June 2024. This completes the full request and keeps the ZAR 27,200 minimum protected."
request_173,0,not_affordable,not_recommended,none,,none,"Do not make this payment by 17 January 2026. None of the available options keeps the INR 79,100 minimum protected."
request_174,1146.2,affordable_with_plan,installments,2026-04-04:397.35|2026-05-04:397.35|2026-06-03:397.35,2026-04-04,none,"Use 3 installments of EUR 397.35, starting 4 April 2026. This leaves at least EUR 700 available."
request_175,2346.3,affordable_now,full_payment,2024-09-06:2346.3,2024-09-06,none,"Pay EUR 2,346.30 today. This leaves at least EUR 1,700 available over the next 90 days."
request_176,259.32,not_affordable,not_recommended,none,,none,"Do not proceed with the EUR 1,239.70 request. Although EUR 259.32 is available today, the full amount cannot be completed safely within 90 days."
request_177,1017.6,affordable_now,full_payment,2026-01-05:1017.6,2026-01-05,none,"Pay USD 1,017.60 today. This leaves at least USD 1,300 available over the next 90 days."
request_178,2938.1,affordable_with_plan,installments,2024-12-07:1018.54|2025-01-07:1018.54|2025-02-07:1018.54,2024-12-07,none,"Use 3 installments of EUR 1,018.54, starting 7 December 2024. This leaves at least EUR 1,400 available."
request_179,6107244.28,not_affordable,not_recommended,none,2025-07-16,none,"Do not make this payment by 15 July 2025. The full IDR 41,648,000 is not safe until 16 July 2025, which is after the requested deadline."
request_180,66500,affordable_now,full_payment,2026-07-06:66500,2026-07-06,none,"Pay INR 66,500 today. This leaves at least INR 37,300 available over the next 90 days."
request_181,0,not_affordable,not_recommended,none,,none,"Do not make this payment by 7 April 2024. None of the available options keeps the USD 2,000 minimum protected."
request_182,47312.06,not_affordable,not_recommended,none,,none,"Do not proceed with the ZAR 65,714 request. Although ZAR 47,312.06 is available today, the full amount cannot be completed safely within 90 days."
request_183,0,not_affordable,not_recommended,none,,none,"Do not make this payment by 18 June 2026. None of the available options keeps the IDR 11,878,300 minimum protected."
request_184,0,not_affordable,not_recommended,none,,none,"Do not make this payment by 30 July 2024. None of the available options keeps the INR 110,800 minimum protected."
request_185,355.78,affordable_later,wait,2025-12-16:1257.3,2025-12-16,none,"Wait until 16 December 2025, then pay EUR 1,257.30 in full. Paying sooner would put the EUR 1,300 minimum at risk."
request_186,0,not_affordable,not_recommended,none,,none,"Do not make this payment by 15 March 2026. None of the available options keeps the ZAR 22,000 minimum protected."
request_187,23247.25,not_affordable,not_recommended,none,2024-11-16,none,"Do not make this payment by 15 November 2024. The full INR 187,500 is not safe until 16 November 2024, which is after the requested deadline."
request_188,0,not_affordable,not_recommended,none,,none,Do not make this payment by 4 March 2025. None of the available options keeps the EUR 900 minimum protected.
request_189,488.4,affordable_now,full_payment,2026-07-04:488.4,2026-07-04,none,Pay EUR 488.40 today. This leaves at least EUR 400 available over the next 90 days.
request_190,701.59,not_affordable,not_recommended,none,,none,"Do not proceed with the EUR 2,557.50 request. Although EUR 701.59 is available today, the full amount cannot be completed safely within 90 days."
request_191,664.4,affordable_now,full_payment,2025-05-03:664.4,2025-05-03,none,Pay EUR 664.40 today. This leaves at least EUR 500 available over the next 90 days.
request_192,0,not_affordable,not_recommended,none,,none,"Do not make this payment by 11 May 2026. None of the available options keeps the USD 1,000 minimum protected."
request_193,0,not_affordable,not_recommended,none,,none,"Do not make this payment by 28 May 2024. None of the available options keeps the EUR 1,000 minimum protected."
request_194,45781.81,not_affordable,not_recommended,none,2025-10-24,none,"Do not make this payment by 23 October 2025. The full INR 132,800 is not safe until 24 October 2025, which is after the requested deadline."
request_195,844.54,not_affordable,not_recommended,none,2026-03-16,none,"Do not make this payment by 11 March 2026. The full EUR 1,170.40 is not safe until 16 March 2026, which is after the requested deadline."
request_196,762.3,affordable_now,full_payment,2024-06-03:762.3,2024-06-03,none,Pay EUR 762.30 today. This leaves at least EUR 500 available over the next 90 days.
request_197,50939000,affordable_with_plan,installments,2025-11-19:17658853.33|2025-12-17:17658853.33|2026-01-14:17658853.33,2025-11-05,none,"Use 3 installments of IDR 17,658,853.33, starting 19 November 2025. This leaves at least IDR 26,245,900 available."
request_198,185800,affordable_now,full_payment,2026-07-07:185800,2026-07-07,none,"Pay INR 185,800 today. This leaves at least INR 124,300 available over the next 90 days."
request_199,23674000,affordable_with_plan,installments,2024-09-07:8206986.67|2024-10-08:8206986.67|2024-11-08:8206986.67,2024-09-04,none,"Use 3 installments of IDR 8,206,986.67, starting 7 September 2024. This leaves at least IDR 25,359,500 available."
request_200,10795671.41,not_affordable,not_recommended,none,,none,"Do not proceed with the IDR 21,717,000 request. Although IDR 10,795,671.41 is available today, the full amount cannot be completed safely within 90 days."
request_201,23997000,affordable_now,full_payment,2026-04-03:23997000,2026-04-03,none,"Pay IDR 23,997,000 today. This leaves at least IDR 17,304,500 available over the next 90 days."
request_202,123900,affordable_now,full_payment,2024-12-05:123900,2024-12-05,none,"Pay INR 123,900 today. This leaves at least INR 147,800 available over the next 90 days."
request_203,391.14,not_affordable,not_recommended,none,,none,"Do not proceed with the EUR 1,442.10 request. Although EUR 391.14 is available today, the full amount cannot be completed safely within 90 days."
request_204,375.33,not_affordable,not_recommended,none,2026-03-16,none,"Do not make this payment by 31 January 2026. The full EUR 588.74 is not safe until 16 March 2026, which is after the requested deadline."
request_205,10621000,affordable_now,full_payment,2024-03-06:10621000,2024-03-06,none,"Pay IDR 10,621,000 today. This leaves at least IDR 13,994,300 available over the next 90 days."
request_206,1404.7,affordable_with_plan,installments,2025-08-03:486.96|2025-08-31:486.96|2025-09-28:486.96,2025-08-03,none,"Use 3 installments of EUR 486.96, starting 3 August 2025. This leaves at least EUR 900 available."
request_207,4046.55,affordable_later,wait,2026-07-16:11830,2026-07-16,none,"Wait until 16 July 2026, then pay ZAR 11,830 in full. Paying sooner would put the ZAR 13,600 minimum at risk."
request_208,3545579.51,affordable_later,wait,2024-06-16:4413000,2024-06-16,none,"Wait until 16 June 2024, then pay IDR 4,413,000 in full. Paying sooner would put the IDR 10,470,700 minimum at risk."
request_209,8.05,not_affordable,not_recommended,none,,none,"Do not proceed with the ZAR 56,914 request. Although ZAR 8.05 is available today, the full amount cannot be completed safely within 90 days."
request_210,705.92,affordable_with_plan,partial_payment,2026-04-06:705.92|2026-04-16:654.1,2026-04-16,none,"Pay USD 705.92 today and the remaining USD 654.10 on 16 April 2026. This completes the full request and keeps the USD 2,000 minimum protected."
request_211,116.61,not_affordable,not_recommended,none,,none,"Do not proceed with the EUR 1,788.60 request. Although EUR 116.61 is available today, the full amount cannot be completed safely within 90 days."
request_212,3744360.78,not_affordable,not_recommended,none,,none,"Do not proceed with the IDR 71,934,000 request. Although IDR 3,744,360.78 is available today, the full amount cannot be completed safely within 90 days."
request_213,3362.4,affordable_with_plan,installments,2026-01-21:1165.63|2026-02-20:1165.63|2026-03-22:1165.63,2026-01-07,none,"Use 3 installments of USD 1,165.63, starting 21 January 2026. This leaves at least USD 2,100 available."
request_214,7164.02,not_affordable,not_recommended,none,2025-02-16,none,"Do not make this payment by 28 January 2025. The full INR 69,750 is not safe until 16 February 2025, which is after the requested deadline."
request_215,29986,affordable_with_plan,installments,2025-05-09:10395.15|2025-06-06:10395.15|2025-07-04:10395.15,2025-05-06,none,"Use 3 installments of ZAR 10,395.15, starting 9 May 2025. This leaves at least ZAR 15,700 available."
request_216,214.79,not_affordable,not_recommended,none,2026-09-16,none,"Do not make this payment by 15 September 2026. The full USD 3,332.40 is not safe until 16 September 2026, which is after the requested deadline."
request_217,0,not_affordable,not_recommended,none,,none,"Do not make this payment by 21 May 2024. None of the available options keeps the ZAR 26,800 minimum protected."
request_218,23834784.34,not_affordable,not_recommended,none,2025-09-16,none,"The full IDR 61,142,000 is safe to pay by 16 September 2025, but none of the available payment methods you consider keeps your IDR 34,477,200 minimum balance protected throughout the period."
request_219,537.36,not_affordable,not_recommended,none,2026-06-16,none,"Do not make this payment by 13 June 2026. The full EUR 1,673.10 is not safe until 16 June 2026, which is after the requested deadline."
request_220,156.48,not_affordable,not_recommended,none,,none,"Do not proceed with the EUR 3,118.50 request. Although EUR 156.48 is available today, the full amount cannot be completed safely within 90 days."
request_221,109800,affordable_now,full_payment,2025-11-03:109800,2025-11-03,none,"Pay INR 109,800 today. This leaves at least INR 81,500 available over the next 90 days."
request_222,34078,affordable_now,full_payment,2026-01-05:34078,2026-01-05,none,"Pay ZAR 34,078 today. This leaves at least ZAR 27,300 available over the next 90 days."
request_223,898.7,affordable_now,full_payment,2024-09-07:898.7,2024-09-07,none,Pay EUR 898.70 today. This leaves at least EUR 800 available over the next 90 days.
request_224,10327000,affordable_with_plan,installments,2025-02-04:5370040|2025-03-04:5370040,2025-02-04,none,"Use 2 installments of IDR 5,370,040, starting 4 February 2025. This leaves at least IDR 22,187,600 available."
request_225,11028288.73,affordable_with_plan,installments,2026-07-20:7647120|2026-08-19:7647120|2026-09-18:7647120,2026-08-16,none,"Use 3 installments of IDR 7,647,120, starting 20 July 2026. This leaves at least IDR 17,670,700 available."
request_226,157000,affordable_now,full_payment,2024-12-03:157000,2024-12-03,none,"Pay INR 157,000 today. This keeps the INR 209,400 minimum available over the next 90 days."
request_227,3402.13,not_affordable,not_recommended,none,,none,"Do not proceed with the INR 259,700 request. Although INR 3,402.13 is available today, the full amount cannot be completed safely within 90 days."
request_228,0,not_affordable,not_recommended,none,,none,"Do not make this payment by 30 April 2026. None of the available options keeps the IDR 26,191,200 minimum protected."
request_229,493.34,affordable_with_plan,installments,2024-03-18:529.29|2024-04-18:529.29|2024-05-19:529.29,2024-04-16,none,"Use 3 installments of EUR 529.29, starting 18 March 2024. This leaves at least EUR 1,000 available."
request_230,3537.6,affordable_now,full_payment,2025-08-06:3537.6,2025-08-06,none,"Pay EUR 3,537.60 today. This leaves at least EUR 2,000 available over the next 90 days."
request_231,18906.83,not_affordable,not_recommended,none,2026-03-16,none,"The full ZAR 35,706 is safe to pay by 16 March 2026, but none of the available payment methods you consider keeps your ZAR 24,300 minimum balance protected throughout the period."
request_232,808.99,affordable_later,wait,2024-07-16:1970.1,2024-07-16,none,"Wait until 16 July 2024, then pay EUR 1,970.10 in full. Paying sooner would put the EUR 2,400 minimum at risk."
request_233,3743284.61,affordable_with_plan,partial_payment,2025-11-07:3743284.61|2025-11-16:2497715.39,2025-11-16,none,"Pay IDR 3,743,284.61 today and the remaining IDR 2,497,715.39 on 16 November 2025. This completes the full request and keeps the IDR 10,365,700 minimum protected."
request_234,138.29,not_affordable,not_recommended,none,2026-09-16,none,"Do not make this payment by 15 September 2026. The full EUR 1,213.30 is not safe until 16 September 2026, which is after the requested deadline."
request_235,856.72,not_affordable,not_recommended,none,2024-11-16,none,"Do not make this payment by 25 October 2024. The full USD 967.20 is not safe until 16 November 2024, which is after the requested deadline."
request_236,6022051.82,not_affordable,not_recommended,none,,none,"Do not proceed with the IDR 52,383,000 request. Although IDR 6,022,051.82 is available today, the full amount cannot be completed safely within 90 days."
request_237,23826000,affordable_now,full_payment,2026-04-05:23826000,2026-04-05,none,"Pay IDR 23,826,000 today. This keeps the IDR 22,431,500 minimum available over the next 90 days."
request_238,663.6,affordable_with_plan,installments,2024-12-07:230.05|2025-01-07:230.05|2025-02-07:230.05,2024-12-07,none,"Use 3 installments of USD 230.05, starting 7 December 2024. This leaves at least USD 700 available."
request_239,172.81,not_affordable,not_recommended,none,2025-07-16,none,"Do not make this payment by 24 May 2025. The full USD 642 is not safe until 16 July 2025, which is after the requested deadline."
request_240,18578.76,not_affordable,not_recommended,none,,none,"Do not proceed with the INR 101,200 request. Although INR 18,578.76 is available today, the full amount cannot be completed safely within 90 days."
request_241,21052000,affordable_with_plan,installments,2024-03-17:7298026.67|2024-04-17:7298026.67|2024-05-18:7298026.67,2024-03-03,none,"Use 3 installments of IDR 7,298,026.67, starting 17 March 2024. This leaves at least IDR 19,252,000 available."
request_242,46.86,not_affordable,not_recommended,none,,none,"Do not proceed with the EUR 1,966.80 request. Although EUR 46.86 is available today, the full amount cannot be completed safely within 90 days."
request_243,17468,affordable_now,full_payment,2026-07-07:17468,2026-07-07,none,"Pay ZAR 17,468 today. This leaves at least ZAR 19,900 available over the next 90 days."
request_244,49918,affordable_now,full_payment,2024-06-04:49918,2024-06-04,none,"Pay ZAR 49,918 today. This leaves at least ZAR 45,900 available over the next 90 days."
request_245,0,not_affordable,not_recommended,none,,none,"Do not make this payment by 15 January 2026. None of the available options keeps the INR 94,600 minimum protected."
request_246,64086,affordable_with_plan,installments,2026-04-03:22216.48|2026-05-03:22216.48|2026-06-02:22216.48,2026-04-03,none,"Use 3 installments of ZAR 22,216.48, starting 3 April 2026. This leaves at least ZAR 39,300 available."
request_247,1059.3,affordable_now,full_payment,2024-09-05:1059.3,2024-09-05,none,"Pay EUR 1,059.30 today. This leaves at least EUR 1,300 available over the next 90 days."
request_248,951.65,affordable_with_plan,partial_payment,2025-02-07:951.65|2025-04-25:1013.95,2025-04-25,none,"Pay USD 951.65 today and the remaining USD 1,013.95 on 25 April 2025. This completes the full request and keeps the USD 1,300 minimum protected."
request_249,194.07,affordable_later,wait,2026-02-16:643.2,2026-02-16,none,"Wait until 16 February 2026, then pay USD 643.20 in full. Paying sooner would put the USD 600 minimum at risk."
request_250,17404.9,not_affordable,not_recommended,none,,none,"Do not proceed with the ZAR 124,278 request. Although ZAR 17,404.90 is available today, the full amount cannot be completed safely within 90 days."
request_251,338.87,not_affordable,not_recommended,none,,none,"Do not proceed with the EUR 1,513.60 request. Although EUR 338.87 is available today, the full amount cannot be completed safely within 90 days."
request_252,4291448.47,affordable_later,wait,2026-08-16:28082000,2026-08-16,none,"Wait until 16 August 2026, then pay IDR 28,082,000 in full. Paying sooner would put the IDR 15,152,200 minimum at risk."
request_253,573.18,not_affordable,not_recommended,none,,none,"Do not proceed with the EUR 2,840.20 request. Although EUR 573.18 is available today, the full amount cannot be completed safely within 90 days."
request_254,0,not_affordable,not_recommended,none,,none,"Do not make this payment by 15 October 2025. None of the available options keeps the USD 2,500 minimum protected."
request_255,3345000,affordable_now,full_payment,2026-04-06:3345000,2026-04-06,none,"Pay IDR 3,345,000 today. This leaves at least IDR 9,813,900 available over the next 90 days."
request_256,165656.28,affordable_with_plan,installments,2024-06-10:75816|2024-07-11:75816|2024-08-11:75816,2024-06-16,none,"Use 3 installments of INR 75,816, starting 10 June 2024. This leaves at least INR 168,600 available."
request_257,0,not_affordable,not_recommended,none,,none,"Do not make this payment by 15 January 2026. None of the available options keeps the USD 1,600 minimum protected."
request_258,984.13,not_affordable,not_recommended,none,,none,"Do not proceed with the USD 1,113.60 request. Although USD 984.13 is available today, the full amount cannot be completed safely within 90 days."
request_259,105.87,not_affordable,not_recommended,none,2024-11-16,none,"Do not make this payment by 15 November 2024. The full EUR 935 is not safe until 16 November 2024, which is after the requested deadline."
request_260,8529475.29,not_affordable,not_recommended,none,,none,"Do not proceed with the IDR 52,079,000 request. Although IDR 8,529,475.29 is available today, the full amount cannot be completed safely within 90 days."
request_261,1830.4,affordable_now,full_payment,2026-07-03:1830.4,2026-07-03,none,"Pay EUR 1,830.40 today. This leaves at least EUR 1,500 available over the next 90 days."
request_262,9236000,affordable_now,full_payment,2024-12-05:9236000,2024-12-05,none,"Pay IDR 9,236,000 today. This leaves at least IDR 31,018,500 available over the next 90 days."
request_263,0,not_affordable,not_recommended,none,,none,"Do not make this payment by 15 June 2025. None of the available options keeps the ZAR 24,100 minimum protected."
request_264,26798.22,affordable_later,wait,2026-05-16:111300,2026-05-16,none,"Wait until 16 May 2026, then pay INR 111,300 in full. Paying sooner would put the INR 59,500 minimum at risk."
request_265,45970,affordable_now,full_payment,2024-03-06:45970,2024-03-06,none,"Pay INR 45,970 today. This leaves at least INR 189,700 available over the next 90 days."
request_266,637.82,not_affordable,not_recommended,none,2025-10-16,none,"Do not make this payment by 3 October 2025. The full EUR 935 is not safe until 16 October 2025, which is after the requested deadline."
request_267,340.99,not_affordable,not_recommended,none,,none,"Do not proceed with the EUR 1,925 request. Although EUR 340.99 is available today, the full amount cannot be completed safely within 90 days."
request_268,1017.2,not_affordable,not_recommended,none,2024-08-16,none,"Do not make this payment by 15 August 2024. The full EUR 2,426.60 is not safe until 16 August 2024, which is after the requested deadline."
request_269,2818.98,not_affordable,not_recommended,none,2026-01-16,none,"Do not make this payment by 2 January 2026. The full ZAR 15,490 is not safe until 16 January 2026, which is after the requested deadline."
request_270,129.47,not_affordable,not_recommended,none,,none,"Do not proceed with the USD 3,028.80 request. Although USD 129.47 is available today, the full amount cannot be completed safely within 90 days."
request_271,0,not_affordable,not_recommended,none,,none,"Do not make this payment by 15 November 2024. None of the available options keeps the INR 58,200 minimum protected."
request_272,0,not_affordable,not_recommended,none,,none,"Do not make this payment by 10 April 2025. None of the available options keeps the IDR 7,508,600 minimum protected."
request_273,10756514.78,affordable_with_plan,partial_payment,2026-04-07:10756514.78|2026-04-16:5104485.22,2026-04-16,none,"Pay IDR 10,756,514.78 today and the remaining IDR 5,104,485.22 on 16 April 2026. This completes the full request and keeps the IDR 18,774,600 minimum protected."
request_274,0,not_affordable,not_recommended,none,,none,"Do not make this payment by 11 February 2025. None of the available options keeps the EUR 1,800 minimum protected."
request_275,15118698.19,affordable_later,wait,2025-05-16:15884000,2025-05-16,none,"Wait until 16 May 2025, then pay IDR 15,884,000 in full. Paying sooner would put the IDR 12,760,100 minimum at risk."
